name,price,rating,sold,ram,rom,brand,location
Asus Zenfone 10 8/128GB - Starry Blue,8999000.0,4.8,60,8,128,asus,Kab. Tangerang
Asus Zenfone 10 8/128GB - Aurora Green,8999000.0,4.9,60,8,128,asus,Kab. Tangerang
Asus Zenfone 10 8/128GB - Eclipse Red,8999000.0,5.0,70,8,128,asus,Kab. Tangerang
Asus Zenfone 10 8/128GB - Comet White,8999000.0,4.8,50,8,128,asus,Kab. Tangerang
Asus Zenfone 10 8/128GB - Midnight Black,8999000.0,4.9,100,8,128,asus,Kab. Tangerang
Asus Zenfone 10 16/512GB - Midnight Black,11999000.0,4.9,80,16,512,asus,Kab. Tangerang
Asus Zenfone 9 8/256GB - White,9999000.0,4.7,7,8,256,asus,Kab. Tangerang
 Asus Zenfone 9 8/256GB - Black,9999000.0,5.0,30,8,256,asus,Kab. Tangerang
Asus Zenfone 9 6/128GB - Black,7999000.0,5.0,250,6,128,asus,Kab. Tangerang
Asus Zenfone 9 6/128GB - White,7999000.0,5.0,60,6,128,asus,Kab. Tangerang
Asus Zenfone 9 6/128GB - Red,7999000.0,5.0,27,6,128,asus,Kab. Tangerang
Asus Zenfone 9 6/128GB - Blue,7999000.0,4.8,24,6,128,asus,Kab. Tangerang
Asus Zenfone 9 16/256GB - Black,11999000.0,5.0,100,16,256,asus,Kab. Tangerang
Asus Zenfone 8 8/128GB - Silver,6999000.0,5.0,2,8,128,asus,Kab. Tangerang
Asus Zenfone 8 8/128GB - Black,6999000.0,5.0,100,8,128,asus,Kab. Tangerang
Infinix Note 40 Pro+ 5G 12/256GB - Up to 24GB Extended RAM - Dimensity 7020 - 6.78” FHD+ 3D Curved Amoled - 108MP OIS - 100W Charger - NFC,3949000.0,4.9,250,8,256,infinix,Jakarta Utara
Infinix Note 40S 8/256GB - Up to 16GB Extended RAM - Helio G99 - 6.78” 3D Curved Amoled 120Hz - Camera 108MP - 5000 mAh - NFC,3099000.0,4.9,500,8,256,infinix,Jakarta Utara
Infinix Note 40 Pro 5G 8/256GB - Up to 16GB Extended RAM - Dimensity 7020 - 6.78” FHD+ 3D Curved Amoled - 108MP OIS - 45W Charger - NFC,3799000.0,4.9,1000,8,256,infinix,Jakarta Utara
Infinix Note 40 Pro 8/256GB - Up to 16GB Extended RAM - Helio G99,3499000.0,4.9,2000,8,256,infinix,Jakarta Utara
Infinix Note 40 8/256GB - Up to 16GB Extended RAM - Helio G99 - 6.78”,2999000.0,4.9,2000,8,256,infinix,Jakarta Utara
Infinix Note 30 8/256GB - Up To 16GB - 120 HZ Screen - 8/256 Black,2599000.0,4.9,1000,8,256,infinix,Jakarta Utara
Infinix Note 30 PRO 8/256GB -Up To 16GB- 108MP - 8/256 Garansi Resmi,3199000.0,4.9,1000,8,256,infinix,Jakarta Utara
Infinix Note 30 8/256GB - Up To 16GB - 120 HZ Screen - 8/256,2599000.0,4.9,3000,8,256,infinix,Jakarta Utara
OPPO A3x,2199000.0,5.0,18,6,128,oppo,Kota Tangerang
OPPO Reno12 Pro 5G,8999000.0,5.0,21,12,512,oppo,Kota Tangerang
OPPO Reno12 F,4299000.0,4.9,30,8,256,oppo,Kota Tangerang
OPPO Reno12 5G,6999000.0,5.0,100,12,256,oppo,Kota Tangerang
OPPO A3 Pro 5G,3999000.0,5.0,100,8,256,oppo,Kota Tangerang
OPPO A78 5G,3999000.0,4.9,250,8,128,oppo,Kota Tangerang
[Flash Sale] OPPO A3 Pro 5G,4049000.0,4.7,3,8,256,oppo,Kota Tangerang
OPPO A18,1799000.0,4.9,25,4,128,oppo,Kota Tangerang
[DISKON] OPPO Reno8 T 4G Smartphone,4899000.0,5.0,90,8,256,oppo,Kota Tangerang
[Kejar Diskon] OPPO Reno8 T 4G Smartphone,4899000.0,5.0,30,8,256,oppo,Kota Tangerang
[Flash Price] OPPO Reno8 T 4G Smartphone,4899000.0,4.9,750,8,256,oppo,Kota Tangerang
 [Diskon Spesial] OPPO A57 Smartphone,2699000.0,5.0,50,4,128,oppo,Kota Tangerang
[Special Promo] OPPO A57 Smartphone,2699000.0,5.0,13,4,128,oppo,Kota Tangerang
[Special Promo] OPPO A77s,3499000.0,5.0,2,8,128,oppo,Kota Tangerang
OPPO A17,2099000.0,5.0,7,4,64,oppo,Kota Tangerang
[Kejar Diskon] OPPO Reno6 5G Smartphone,7999000.0,4.8,50,8,128,oppo,Kota Tangerang
[Flash Promo] OPPO A54 Smartphone,3099000.0,5.0,50,6,128,oppo,Kota Tangerang
OPPO A54 Smartphone,3099000.0,4.9,30,6,128,oppo,Kota Tangerang
OPPO Find N2 Flip,14999000.0,4.9,90,8,256,oppo,Kota Tangerang
OPPO Reno6 5G Smartphone,7999000.0,4.9,100,8,128,oppo,Kota Tangerang
OPPO Reno8 5G,8499000.0,5.0,17,12,256,oppo,Kota Tangerang
OPPO Reno6 5G Smartphone,7999000.0,4.8,10,8,128,oppo,Kota Tangerang
OPPO Reno7 Z 5G,5999000.0,4.8,11,8,128,oppo,Kota Tangerang
OPPO Reno8 T 4G Smartphone,4899000.0,4.9,500,8,256,oppo,Kota Tangerang
OPPO A57 Smartphone,2699000.0,4.9,250,4,128,oppo,Kota Tangerang
[Flash Promo] OPPO A55,2699000.0,5.0,12,4,64,oppo,Kota Tangerang
OPPO A17k,1799000.0,4.9,250,3,64,oppo,Kota Tangerang
OPPO A16k,2199000.0,4.8,70,4,64,oppo,Kota Tangerang
OPPO A16 Smartphone,1999000.0,4.9,4000,3,32,oppo,Kota Tangerang
[Promo Sale] OPPO A55,2699000.0,5.0,70,4,64,oppo,Kota Tangerang
OPPO A17,2099000.0,4.9,1000,4,64,oppo,Kota Tangerang
FLASH PROMO - OPPO A16 Smartphone,2499000.0,5.0,1000,4,64,oppo,Kota Tangerang
OPPO A55,2699000.0,5.0,500,4,64,oppo,Kota Tangerang
OPPO A55,2699000.0,4.9,3000,4,64,oppo,Kota Tangerang
OPPO A77s,3499000.0,4.9,750,8,128,oppo,Kota Tangerang
OPPO A16 Smartphone,2499000.0,4.9,4000,4,64,oppo,Kota Tangerang
[Tukar Tambah Live.On] OPPO Reno6 5G Smartphone,7999000.0,5.0,6,8,128,oppo,Kota Tangerang
[Tukar Tambah Live.On] OPPO Reno6 Smartphone,5199000.0,5.0,17,8,128,oppo,Kota Tangerang
OPPO A57 Smartphone,2399000.0,4.9,500,4,64,oppo,Kota Tangerang
OPPO FIND X5 PRO 5G Smartphone,14999000.0,4.9,100,12,256,oppo,Kota Tangerang
OPPO A16k,2199000.0,4.9,250,4,64,oppo,Kota Tangerang
OPPO Reno7 5G,7499000.0,4.8,100,8,256,oppo,Kota Tangerang
OPPO A55,2699000.0,4.9,1000,4,64,oppo,Kota Tangerang
OPPO Reno7 Z 5G,5999000.0,4.9,250,8,128,oppo,Kota Tangerang
OPPO Reno5 F Smartphone,4299000.0,5.0,70,8,128,oppo,Kota Tangerang
OPPO Reno5 Smartphone,4999000.0,5.0,3,8,128,oppo,Kota Tangerang
OPPO A15S Smartphone,2299000.0,5.0,4,4,64,oppo,Kota Tangerang
OPPO A15 Smartphone,1749000.0,4.9,250,2,32,oppo,Kota Tangerang
OPPO Reno6 Pro 5G Smartphone,10999000.0,4.9,80,12,256,oppo,Kota Tangerang
OPPO Reno6 5G Smartphone,7999000.0,4.9,250,8,128,oppo,Kota Tangerang
OPPO Reno6 Smartphone,5199000.0,4.9,1000,8,128,oppo,Kota Tangerang
OPPO A16 Smartphone,1999000.0,4.9,5000,3,32,oppo,Kota Tangerang
OPPO A53 Smartphone,3099000.0,4.9,100,6,128,oppo,Kota Tangerang
OPPO A53 Smartphone,2499000.0,4.9,100,4,64,oppo,Kota Tangerang
OPPO FIND X3 PRO Smartphone,15999000.0,4.9,100,12,256,oppo,Kota Tangerang
OPPO A74 5G Smartphone,3999000.0,4.9,750,6,128,oppo,Kota Tangerang
OPPO A92 Smartphone,4199000.0,4.9,100,8,128,oppo,Kota Tangerang
OPPO A54 Smartphone,2499000.0,5.0,1000,4,64,oppo,Kota Tangerang
OPPO A54 Smartphone,3099000.0,4.9,1000,6,128,oppo,Kota Tangerang
OPPO A74 Smartphone,3499000.0,4.9,250,6,128,oppo,Kota Tangerang
Official realme 13 8GB+8GB|256GB | 120Hz AMOLED Display | 67W SUPERVOOC Charge | 5000mAh Battery | Snapdragon 685 Chipset | Sony LYT-600 OIS Portrait Camera,3199000.0,4.9,100,8,256,realme,Kab. Tangerang
Official realme Buds T110 earphone TWS headset 102dB Volume Boost Mode | Bluetooth 5.4 | IPX5 Water Resistance | 10mm Dynamic Bass Driver,2990000.0,4.9,500,8,32,realme,Kab. Tangerang
Official realme C65 HP 8*8+256GB 45W Fast Charge | 5000mAh Massive Battery | G85 | 5000mAh Massive Battery | IP54 Water Resistance | Rainwater Smart Touch,2599000.0,4.8,70,8,256,realme,Kab. Tangerang
Offical realme 12 Pro+ 5G 8+256GB HP | Snapdragon 7z Gen 2 smartphone,5999000.0,5.0,30,8,256,realme,Kab. Tangerang
Offical realme 12 Pro Plus 5G 8+256GB HP Snapdragon 7z Gen 2 | 120Hz,5999000.0,4.9,100,8,256,realme,Kab. Tangerang
realme 9i 4/64GB Snapdragon 680 Prosesor 90Hz Layar Ultra Halus,2699000.0,5.0,4,4,64,realme,Kab. Tangerang
Offical realme Note 50 HP 3GB+3GB* | 64GB 90Hz Vivid Display phone,1499000.0,4.9,250,3,64,realme,Kab. Tangerang
Official HP realme 12 Plus 12GB+512GB Dimensity 7050 5G Chipset 67W,5999000.0,5.0,90,12,512,realme,Kab. Tangerang
Offical HP realme 12 5G 8GB+8GB*|256GB 108MP Camera 6.72 FHD+ LCD,4499000.0,4.9,100,8,256,realme,Kab. Tangerang
Offical HP realme C51s 6GB+6GB*|128GB 50MP AI Camera 7.49mm smartphone,2299000.0,4.9,250,6,128,realme,Kab. Tangerang
Official realme 12 Plus 8GB+256GB HP Dimensity 7050 5G Chipset 67W,4290000.0,4.9,100,8,256,realme,Kab. Tangerang
Offical realme 12 Pro Plus 5G 12+512GB Snapdragon 7z Gen 2  | 120Hz ,7190000.0,4.9,50,12,512,realme,Kab. Tangerang
Official Realme HP GT Neo 3 80W 8+256GB Dimensity 8100 5G,7999000.0,5.0,2,8,256,realme,Kab. Tangerang
Official Realme HP C67 NFC 8+8GB*/128GB 256GB Snapdragon 685 108MP,3699000.0,4.9,100,8,128,realme,Kab. Tangerang
(New) realme C67 NFC 8+8GB*/128GB 256GB Snapdragon 685 108MP Camera,99990000.0,5.0,40,8,128,realme,Kab. Tangerang
Official realme C51 4+4/64GB | 4+4/128GB - 33W Charge | 50 MP | NFC,2899000.0,4.9,250,4,64,realme,Kab. Tangerang
Official Realme HP 11 4G NFC 8GB/256GB 5000mah|108MP Camera|Helio G99,99000000.0,5.0,30,8,256,realme,Kab. Tangerang
HP realme 11 Pro 5G 8GB+8GB*/256GB  120Hz Display | 100MP OIS | 67W ,7999000.0,5.0,14,8,256,realme,Kab. Tangerang
Official Realme HP 11 pro+ 5G 12GB+12GB* / 512GB| 200MP OIS,100000000.0,5.0,3,12,512,realme,Kab. Tangerang
Official realme C53 6/128GB -33W SUPERVOOC Charge | 5000 mAh| NFC|50MP,2999000.0,4.9,500,6,128,realme,Kab. Tangerang
Official Realme HP c55 6GB+128GB | 8GB+256GB smartphone 90Hz FHD+,9899000.0,4.9,250,6,128,realme,Kab. Tangerang
Official Realme HP 10 8GB+128GB | 8GB+256GB 90Hz 5000mAh Handphone,3399000.0,4.9,70,8,128,realme,Kab. Tangerang
Official Realme HP 10 Pro+ 5G 8GB+128GB 12GB+256GB Smartphone,6999000.0,5.0,10,8,128,realme,Kab. Tangerang
Hp realme C33 3/32GB 4/64GB 4+128GB Handphone Smartphone,1699000.0,4.7,25,3,32,realme,Kab. Tangerang
Official Realme HP c30s 3GB+32GB 5000mAh | 6.5''Fullscreen Smartphone,3666000.0,5.0,5,3,32,realme,Kab. Tangerang
HP realme c30s 4GB+64GB 5000mAh | 6.5'' Fullscreen Smartphone,4888000.0,5.0,18,4,64,realme,Kab. Tangerang
Hp realme 10 Pro+ 5G 8GB+128GB Smartphone Handphone,9999000.0,5.0,7,8,128,realme,Kab. Tangerang
Official Realme HP 10 Pro+ 5G 12GB+256GB Smartphone Handphone,9999000.0,4.9,11,12,256,realme,Kab. Tangerang
Hp realme 10 Pro 5G 8GB+128GB | 8GB+256GB Smartphone Handphone,9599000.0,4.7,11,8,128,realme,Kab. Tangerang
realme 10 8GB+256GB Helio G99 Chipset | 5000mAh Handphone,3799000.0,5.0,29,8,256,realme,Kab. Tangerang
Official Realme HP 10 8GB+128GB Helio G99 Chipset | 5000mAh Handphone,3399000.0,5.0,100,8,128,realme,Kab. Tangerang
Hp realme C33 3/32GB 4/64GB Handphone Smartphone,1699000.0,4.8,30,3,32,realme,Kab. Tangerang
Hp realme Narzo 50 4G 4/64GB Handphone Smartphone,2599000.0,4.9,90,4,64,realme,Kab. Tangerang
realme GT 2 PRO 12GB/256GB GREEN [2K Display | PaperTech Master Design,9999000.0,4.6,8,12,256,realme,Kab. Tangerang
Hp realme 9 Pro+ 8/128GB Free Fire Limited Edition 5G Handphone,4999000.0,5.0,2,8,128,realme,Kab. Tangerang
Realme GT Neo 3T 8+128GB 80W Charge Snapdragon 870 5G 5000mAh,5699000.0,4.8,14,8,128,realme,Kab. Tangerang
Hp realme Narzo 50i Prime 3/32GB 4/64GB Handphone Smartphone,1699000.0,4.9,500,3,32,realme,Kab. Tangerang
"realme 8 Helio G95 8/128GB Super AMOLED, 64MP AI Quad Camera",3499000.0,5.0,2,8,128,realme,Kab. Tangerang
"realme narzo 50i 4/64GB 6.5"" Large Display 5000mAh Octa-core processor",1799000.0,4.9,50,4,64,realme,Kab. Tangerang
Hp realme C30 2/32GB 4/64GB Handphone Smartphone,1599000.0,4.8,11,2,32,realme,Kab. Tangerang
Hp realme Narzo 50 5G 6/128GB Handphone Smartphone,3499000.0,5.0,250,6,128,realme,Kab. Tangerang
Hp realme 9 Pro+ 5G 8/128GB 8/256GB Handphone Smartphone,5899000.0,5.0,30,8,128,realme,Kab. Tangerang
Official Realme HP 9i 6/128GB Handphone Smartphone,3199000.0,5.0,11,6,128,realme,Kab. Tangerang
Hp realme C11 (2021) 2/32GB 4/64GB Handphone Smartphone,1249000.0,4.9,50,2,32,realme,Kab. Tangerang
"realme C31 Unisoc Tiger T612, 6.53""HD+, 13 AI Triple Camera,5000mAh",1999000.0,4.9,17,8,32,realme,Kab. Tangerang
Official Realme HP 9 4G 6/128GB 108MP AI Triple Camera Snapdragon 680,3599000.0,5.0,30,6,128,realme,Kab. Tangerang
"realme C21Y 13MP AI Triple Camera 6,5"" Layar Penuh Mini-drop 5000mAh",1699000.0,5.0,6,8,32,realme,Kab. Tangerang
Hp realme Narzo 50A Prime 4/64GB 4/128GB Handphone Smartphone,2299000.0,4.9,2000,4,64,realme,Kab. Tangerang
Hp realme C35 4/64GB 4/128GB Handphone Smartphone,2499000.0,5.0,40,4,64,realme,Kab. Tangerang
realme GT 2 PRO 12GB/256GB 2K Display Snapdragon™ 8 Gen 1 Processor,9999000.0,5.0,9,12,256,realme,Kab. Tangerang
Samsung Galaxy Z Fold6 12/512GB - Silver Shadow + Galaxy Watch7 44mm - Silver,33498000.0,5.0,1,12,512,samsung,Jakarta
Samsung Galaxy M15 5G 6/128GB,2499000.0,4.9,1000,6,128,samsung,Jakarta
Samsung Galaxy A55 5G 8/256GB,5509500.0,4.9,4000,8,256,samsung,Jakarta
Samsung Galaxy A55 5G 12/256GB,6269500.0,4.9,2000,12,256,samsung,Jakarta
Samsung Galaxy A35 5G 8/256GB,4899000.0,5.0,2000,8,256,samsung,Jakarta
"Samsung Galaxy S24 Ultra [12/256], Smartphone AI, AI Phone, Handphone AI, Kamera 50MP, Layar besar, RAM besar, Baterai tahan lama",18619500.0,5.0,90,12,256,samsung,Jakarta
Samsung Galaxy A25 5G 8/256GB,3847000.0,4.9,500,8,256,samsung,Jakarta
Samsung Galaxy A05s 6/128GB,1994500.0,4.9,6000,6,128,samsung,Jakarta
Samsung Galaxy S23 FE 8GB/128GB,8999000.0,5.0,4,8,128,samsung,Jakarta
Samsung Galaxy A25 5G 8GB/256GB,4499000.0,5.0,40,8,256,samsung,Jakarta
Samsung Galaxy A04e 3/32GB,1399000.0,5.0,8,3,32,samsung,Jakarta
Samsung Galaxy A05s 6GB/128GB [Smartphone],2399000.0,5.0,50,6,128,samsung,Jakarta
Samsung Galaxy A05 4GB/64GB [Smartphone],1599000.0,4.9,250,4,64,samsung,Jakarta
Samsung Galaxy A15 8/256 LTE,3399000.0,5.0,40,8,256,samsung,Jakarta
Samsung Galaxy A15 5G 8GB/256GB,3699000.0,4.9,250,8,256,samsung,Jakarta
Samsung Galaxy A15 LTE 8GB/128GB,2999000.0,5.0,80,8,128,samsung,Jakarta
Samsung Galaxy A55 5G 8/128GB,5999000.0,4.9,500,8,128,samsung,Jakarta
Samsung Galaxy M34 5G 8GB/128GB,4099000.0,4.9,100,8,128,samsung,Jakarta
"Samsung Galaxy S24 Ultra [12/1TB], Smartphone AI, AI Phone, Handphone AI, Kamera 50MP, Layar besar, RAM besar, Baterai tahan lama",27999000.0,5.0,250,12,1000,samsung,Jakarta
Samsung Galaxy S24+ 12/512GB Handphone AI,18999000.0,4.9,100,12,512,samsung,Jakarta
Samsung Galaxy S24+ 12/256GB Handphone AI,15650000.0,4.7,28,12,256,samsung,Jakarta
"Samsung Galaxy S24 [8/512], Smartphone AI, AI Phone, Handphone AI, Kamera 50MP, Layar besar, RAM besar, Baterai tahan lama",15999000.0,4.9,100,8,512,samsung,Jakarta
Samsung Galaxy A34 5G 8GB/256GB ,5399000.0,4.9,250,8,256,samsung,Jakarta
Samsung Galaxy A25 5G 8/128GB,4099000.0,4.9,750,8,128,samsung,Jakarta
Samsung Galaxy A15 5G 8/256GB,3699000.0,4.9,2000,8,256,samsung,Jakarta
Samsung Galaxy A15 LTE 8/256GB ,2980000.0,5.0,1000,8,256,samsung,Jakarta
Samsung Galaxy A15 LTE 8/128GB,2999000.0,4.9,4000,8,128,samsung,Jakarta
Samsung Galaxy M34 5G 8/128GB,4099000.0,4.9,1000,8,128,samsung,Jakarta
Samsung Galaxy M54 5G 8/256GB,4499000.0,4.9,1000,8,256,samsung,Jakarta
Samsung Galaxy S23 5G 8/256,13999000.0,5.0,100,8,256,samsung,Jakarta
Samsung Galaxy A05 4/128GB,1799000.0,5.0,1000,4,128,samsung,Jakarta
Samsung Galaxy A05 6/128GB,1999000.0,5.0,2000,6,128,samsung,Jakarta
Samsung Galaxy A05 4/64GB,1599000.0,5.0,3000,4,64,samsung,Jakarta
"Samsung Galaxy Z Fold5 [12/1TB] - Smartphone AI, AI Phone, Smartphone Lipat, Android, Immersive Viewing & Snapdragon 8 Gen 2 (4nm)",29999000.0,4.9,70,12,1000,samsung,Jakarta
"Samsung Galaxy Z Fold5 [12/512] - Smartphone AI, AI Phone, Smartphone Lipat, Android, Immersive Viewing & Snapdragon 8 Gen 2 (4nm)",26999000.0,5.0,100,12,512,samsung,Jakarta
"Samsung Galaxy Z Fold5 [12/256] - Smartphone AI, AI Phone, Smartphone Lipat, Android, Immersive Viewing & Snapdragon 8 Gen 2 (4nm)",24999000.0,5.0,24,12,256,samsung,Jakarta
"Samsung Galaxy Z Flip5 [8/512] - Smartphone AI, AI Phone, Smartphone Lipat, Android, Bigger Cover Screen & Snapdragon 8 Gen 2 (4nm)",17999000.0,4.9,250,8,512,samsung,Jakarta
Samsung Galaxy Z Flip5 8/256GB,15999000.0,5.0,100,8,256,samsung,Jakarta
Samsung Galaxy A54 5G 8/256GB,6399000.0,4.9,2000,8,256,samsung,Jakarta
Samsung Galaxy A54 5G 8/128GB,5999000.0,4.9,500,8,128,samsung,Jakarta
Samsung Galaxy A34 5G 8/256GB,5399000.0,4.9,1000,8,256,samsung,Jakarta
"Samsung Galaxy S23 Ultra [12/512], Smartphone AI, AI Phone, Handphone AI, 50MP Nightography Camera & Snapdragon 8 Gen 2 (4nm), HP flagship Samsung, Android",21999000.0,4.8,250,12,512,samsung,Jakarta
"Xiaomi Redmi 14C (6GB/128GB) (8GB/256GB) | Layar 6.88"" | Refresh rate 120 Hz | 50 MP dual kamera AI | Baterai 5.160 mAh | NFC [Official Store]",1499000.0,4.9,1000,6,128,xiaomi,Kab. Tangerang
Official Xiaomi POCO F6 (8GB+256GB) | (12GB + 512GB) Snapdragon 8s Gen 3 | LiquidCool Technology 4.0 IceLoop,4999000.0,4.9,1000,8,128,xiaomi,Kab. Tangerang
Official Xiaomi POCO M6 (8GB+256GB) | Kamera utama 108 MP kelas pro | Helio G91-Ultra yang tangguh | 33 W Turbo Charging,1999000.0,5.0,4000,8,128,xiaomi,Kab. Tangerang
Official Xiaomi Redmi 13 (8GB/128GB) | (8GB/256GB) | Kamera 108 MP Super Jernih MediaTek Helio G91-Ultra 33W Fast Charging,1799000.0,5.0,2000,8,128,xiaomi,Kab. Tangerang
Xiaomi 14 | Snapdragon 8 Gen 3 Leica 75mm Light Fusion 900 image sensor [ Official Store ],11999000.0,4.9,100,6,128,xiaomi,Kab. Tangerang
Official Xiaomi Redmi Note 13 Pro | Kamera 200 MP ultra-jernih AMOLED ,3499000.0,4.9,1000,6,128,xiaomi,Kab. Tangerang
"Official Redmi A3 | Layar Muluz 90 Hz berukuran 6.71"" baterai 5000 mAH",1199000.0,4.9,4000,6,128,xiaomi,Kab. Tangerang
Official Xiaomi Redmi Note 13 5G | Tiga kamera 108 MP FHD+ AMOLED,2799000.0,4.9,3000,6,128,xiaomi,Kab. Tangerang
"Official Xiaomi Redmi Note 13 Pro+ 5G | Layar AMOLED 1,5K 120 Hz",5999000.0,4.9,1000,6,128,xiaomi,Kab. Tangerang
Official Xiaomi Redmi Note 13 (8GB/128GB) | (8GB/256GB) | Layar 120 Hz FHD+ AMOLED Tiga kamera 108 MP Prosesor Snapdragon 685,2199000.0,4.9,5000,8,128,xiaomi,Kab. Tangerang
Official POCO M6 Pro | 120Hz Flow AMOLED 64MP triple camera OIS 67W,2699000.0,4.9,7000,6,128,xiaomi,Kab. Tangerang
Official POCO X6 | Powerful Snapdragon® 7s Gen 2 FIow AMOLED 120 Hz 64,3999000.0,4.9,1000,6,128,xiaomi,Kab. Tangerang
Official POCO X6 Pro 5G | Dimensity 8300-Ultra 120Hz FIow AMOLED 67W T,4899000.0,4.9,1000,6,128,xiaomi,Kab. Tangerang
Official POCO C65 | RAM hingga 16 GB* Prosesor kencang Helio G85 90Hz ,1749000.0,4.9,1000,6,128,xiaomi,Kab. Tangerang
Official Xiaomi Redmi 13C | Tiga kamera AI 50 MP 16 GB RAM* Layar Dot ,1799000.0,4.9,9000,6,128,xiaomi,Kab. Tangerang
Official Xiaomi Redmi 12 (8GB/128GB) | (8GB/256GB) MediaTek Helio G88,1799000.0,4.9,8000,8,128,xiaomi,Kab. Tangerang
Official Xiaomi POCO X5 Pro 5G (6GB/128GB) | (8GB/256GB) Snapdragon,3999000.0,4.9,6000,6,128,xiaomi,Kab. Tangerang
Xiaomi Official Redmi Note 12 50MP Triple Kamera 120Hz AMOLED NFC IP53,2299000.0,4.9,6000,6,128,xiaomi,Kab. Tangerang
XIAOMI OFFICIAL Redmi Note 12 Pro 5G Kamera 50MP Sony IMX766 P-OLED,4599000.0,4.9,5000,6,128,xiaomi,Kab. Tangerang
Asus ROG 7 Ultimate 16/512GB - White,18999000.0,5.0,10,16,512,asus,Kab. Tangerang
Asus ROG 7 12/256GB - White,13499000.0,5.0,12,12,256,asus,Kab. Tangerang
Asus ROG 7 12/256GB - Black,13499000.0,5.0,40,12,256,asus,Kab. Tangerang
Asus ROG 7 8/256GB - White,10999000.0,5.0,24,8,256,asus,Kab. Tangerang
Asus ROG 7 8/256GB - Black,10999000.0,5.0,50,8,256,asus,Kab. Tangerang
Asus ROG 6 Diablo 16/512GB - Black,16999000.0,5.0,30,16,512,asus,Kab. Tangerang
Asus ROG Phone 6 8/256GB - White,8499000.0,5.0,13,8,256,asus,Kab. Tangerang
Asus ROG 6 Batman 12/256GB,14999000.0,5.0,50,12,256,asus,Kab. Tangerang
Asus ROG Phone 6 8/256GB - Black,8499000.0,4.9,100,8,256,asus,Kab. Tangerang
Asus ROG 5S 12/256GB - White,11999000.0,4.9,29,12,256,asus,Kab. Tangerang
Asus ROG 5S 12/256GB - Black,11999000.0,4.8,50,12,256,asus,Kab. Tangerang
Asus ROG 5S 8/128GB - White,7499000.0,4.9,100,8,128,asus,Kab. Tangerang
Asus ROG 5S 8/128GB - Black,7499000.0,4.8,250,8,128,asus,Kab. Tangerang
Asus ROG Phone 5 12/256GB - White,11999000.0,5.0,17,12,256,asus,Kab. Tangerang
Asus ROG Phone 5 8/128GB - Black,7999000.0,4.8,100,8,128,asus,Kab. Tangerang
Asus ROG 5S 12/256GB - White,11999000.0,4.9,29,12,256,asus,Kab. Tangerang
Asus ROG 5S 12/256GB - Black,11999000.0,4.8,50,12,256,asus,Kab. Tangerang
Asus ROG 5S 8/128GB - White,7499000.0,4.9,100,8,128,asus,Kab. Tangerang
Asus ROG 5S 8/128GB - Black,7499000.0,4.8,250,8,128,asus,Kab. Tangerang
Asus ROG Phone 5 12/256GB - White,11999000.0,5.0,17,12,256,asus,Kab. Tangerang
Asus ROG Phone 5 8/128GB - Black,7999000.0,4.8,100,8,128,asus,Kab. Tangerang
Asus Zenfone 11 Ultra 12/256GB - Misty Grey,8499000.0,4.8,7,12,256,asus,Kab. Tangerang
Asus Zenfone 11 Ultra 12/256GB - Skyline Blue,8499000.0,5.0,11,12,256,asus,Kab. Tangerang
Asus Zenfone 11 Ultra 12/256GB - Eternal Black,8499000.0,5.0,30,12,256,asus,Kab. Tangerang
Asus Zenfone 11 Ultra 16/512GB - Eternal Black,13999000.0,4.8,14,16,512,asus,Kab. Tangerang
Asus ROG 6 Diablo 16/512GB - Black,16999000.0,5.0,30,16,512,asus,Kab. Tangerang
Asus ROG Phone 6 8/256GB - White,8499000.0,5.0,13,8,256,asus,Kab. Tangerang
Asus ROG 6 Batman 12/256GB,14999000.0,5.0,50,12,256,asus,Kab. Tangerang
Asus ROG Phone 6 8/256GB - Black,8499000.0,4.9,100,8,256,asus,Kab. Tangerang
"vivo Y100 (8/256) - Magical Color Changing, 80W FlashCharge, AMOLED",2699000.0,4.9,100,8,256,vivo,Kab. Tangerang
"vivo Y100 (8/128) - Magical Color Changing, 80W FlashCharge, AMOLED",2399000.0,5.0,50,8,128,vivo,Kab. Tangerang
"vivo V30 5G (8+8GB/256GB) - Aura Light Portrait, 80W FlashCharge - VV168NRML",5499000.0,4.9,80,8,256,vivo,Kab. Tangerang
"vivo V30 5G (12+12GB/512GB) - Aura Light Portrait, 80W FlashCharge - VV168NRML",6499000.0,5.0,30,12,512,vivo,Kab. Tangerang
"vivo Y27s (8/128) - 50MP Camera, 44WFlashCharge, Snapdragon 680, IP54",1949000.0,5.0,1000,8,128,vivo,Kab. Tangerang
"Y03 (4+4/128) - IP54 Tahan Air, Layar Sunlight 90Hz, AI Dual Camera - VV168NRML",1499000.0,4.9,90,4,128,vivo,Kab. Tangerang
"vivo V30 Pro 5G (12+12/512) - ZEISS Professional, Aura Light Portrait - VV168NRML",8999000.0,4.9,70,12,512,vivo,Kab. Tangerang
vivo Y100 5G (8/256) 80W FlashCharge + Amoled 120Hz + 50MP Wide Camera - VV168NRML,4199000.0,4.9,90,8,256,vivo,Kab. Tangerang
vivo Y100 5G (8/128) 80W FlashCharge + Amoled 120Hz + 50MP Wide Camera - VV168NRML,3899000.0,4.9,100,8,128,vivo,Kab. Tangerang
"[Flash Sale] vivo Y16 (4/128) - 5000mAh + USB Type-C, UltraFingerprint",1399000.0,4.9,80,4,128,vivo,Kab. Tangerang
"[Flash Sale] vivo Y33T [8/128] - Snapdragon 680, 50MP Night Camera",3399000.0,5.0,5,8,128,vivo,Kab. Tangerang
"[Flash Sale] vivo Y16 (4/64) - 5000mAh + USB Type-C, Fast Fingerprint",1299000.0,4.8,100,4,64,vivo,Kab. Tangerang
[Flash Sale] vivo Y1s [2/32] RAM 2GB ROM 32GB Olive Black,1099000.0,4.9,40,2,32,vivo,Kab. Tangerang
"[Flash Sale] vivo Y22 (4/128) - Helio G85, 50MP Camera",1799000.0,5.0,250,4,128,vivo,Kab. Tangerang
"[Flash Sale] vivo Y35 (8/128) - RAM 8GB+8GB Extended, 44W FlashCharge+",2199000.0,4.9,100,8,128,vivo,Kab. Tangerang
"vivo Y27s (8/256) - 50MP Camera, 44WFlashCharge, Snapdragon 680, IP54",2799000.0,4.9,250,8,256,vivo,Kab. Tangerang
[Flash Sale] vivo iQOO Z7 (12/256) - SDM 782G 120W FlashCharge 5000mAh,4599000.0,4.9,100,12,256,vivo,Kab. Tangerang
"vivo Y17s (4/128)-50MP Camera, 15WFlashCharge+5000mAH, IP54, 6.56"" HD+",1799000.0,4.9,750,4,128,vivo,Kab. Tangerang
"vivo V29e 5G (8+8/256) - 50 MP, Aura Light Portrait, Snapdragon 5G SOC",4399000.0,4.9,500,8,256,vivo,Kab. Tangerang
"vivo Y17s (6/128) - 50MP Camera, 15W FlashCharge+5000mAH, IP54",1999000.0,5.0,1000,6,128,vivo,Kab. Tangerang
"vivo V29 (12/512) - 50MP OIS Ultra-Sensing Camera, 80W FlashCharge",6999000.0,4.8,100,12,512,vivo,Kab. Tangerang
"vivo V29 (8/256) - 50MP OIS Ultra-Sensing Camera, 80W FlashCharge",5999000.0,4.9,250,8,256,vivo,Kab. Tangerang
"vivo Y27 5G (6/128) - 50MP Camera, NFC Multifunction, Dynamic Design",2999000.0,5.0,250,6,128,vivo,Kab. Tangerang
"vivo Y27 (6/128) - 50MP Camera, 44W FlashCharge+5000mAH",2499000.0,4.9,1000,6,128,vivo,Kab. Tangerang
"vivo Y36 5G (8/256) - 44W FlashCharge+5000mAh, NFC Multifunctions",3999000.0,4.9,1000,8,256,vivo,Kab. Tangerang
"vivo Y02t (4/64) - 5000mAh, Dual-Mode Camera, 6.51"" HD+ Big Screen",1699000.0,4.9,1000,4,64,vivo,Kab. Tangerang
"vivo Y36 (8/256) - 44W FlashCharge+5000mAh, NFC Multifunctions",3399000.0,4.9,500,8,256,vivo,Kab. Tangerang
"vivo Y16 (4/128) - 5000mAh + USB Type-C, Ultra Fast Side Fingerprint",2199000.0,5.0,1000,4,128,vivo,Kab. Tangerang
"vivo Y22 (4/128) - Helio G85, 50MP Camera, Splash Waterproof",2399000.0,4.9,2000,4,128,vivo,Kab. Tangerang
"vivo iQOO Z7 (12/256) - SDM 782G, 120W FlashCharge + 5000mAh, 64MP OIS",4899000.0,4.9,5000,12,256,vivo,Kab. Tangerang
"vivo Y02 (3/32) - Dynamic Design, 5000mAh Battery, Dual-Mode Camera - VV168NRML",1499000.0,4.9,250,3,32,vivo,Kab. Tangerang
"vivo Y35 (8/128) - RAM 8GB+8GB Extended, 44W FlashCharge+5000mAh",3399000.0,4.9,1000,8,128,vivo,Kab. Tangerang
Infinix Note 40S 8/256GB - Up to 16GB Extended RAM - Helio G99 - 6.78” 3D Curved Amoled 120Hz - Camera 108MP - 5000 mAh - NFC,2749000.0,4.9,500,8,256,infinix,Jakarta Utara
Infinix Note 40 Pro+ 5G 12/256GB - Up to 24GB Extended RAM - Dimensity 7020 - 6.78” FHD+ 3D Curved Amoled - 108MP OIS - 100W Charger - NFC,3949000.0,4.9,250,12,256,infinix,Jakarta Utara
Infinix Note 40 Pro 5G 8/256GB - Up to 16GB Extended RAM - Dimensity 7020 - 6.78” FHD+ 3D Curved Amoled - 108MP OIS - 45W Charger - NFC,3799000.0,4.9,1000,8,256,infinix,Jakarta Utara
Infinix Note 30 8/256GB - Up To 16GB - 120 HZ Screen - 8/256 Black,2599000.0,4.9,1000,8,256,infinix,Jakarta Utara
Infinix Note 30 PRO 8/256GB -Up To 16GB- 108MP - 8/256 Garansi Resmi,3199000.0,4.9,1000,8,256,infinix,Jakarta Utara
Infinix Note 30 8/256GB - Up To 16GB - 120 HZ Screen - 8/256,2599000.0,4.9,3000,8,256,infinix,Jakarta Utara
